TimeDate,Name,Luftdruck,Strahlung CMP11,Temperatur,rel. Feuchte,Windgeschw.,Windrichtung,Gegenstrahlung,Unnamed: 9
2021-09-05 06:00:00,1.0,1020.1,-5.0,12.9,83.91666666666667,0.8333333333333334,75.16666666666667,286.8,
2021-09-05 06:08:00,1.0,1020.1,-5.0,12.825000000000001,83.9875,0.775,73.75,286.7,
2021-09-05 06:16:00,1.0,1020.1,-5.0,12.8,84.275,0.825,77.25,287.025,
2021-09-05 06:24:00,1.0,1020.1,-5.0,12.8,84.4625,1.075,70.875,286.9125,
2021-09-05 06:32:00,1.0,1020.05,-5.0,12.8125,84.8125,1.4124999999999999,53.875,287.4,
2021-09-05 06:40:00,1.0,1020.1,-4.725,12.9875,84.975,2.0,62.75,287.6625,
2021-09-05 06:48:00,1.0,1020.1,-3.375,13.05,84.6625,1.4625,68.75,287.85,
2021-09-05 06:56:00,1.0,1020.1625,-1.075,13.0,84.65,2.1375,62.0,287.8,
2021-09-05 07:04:00,1.0,1020.2,1.9125,13.075,84.6875,1.3125,73.25,288.075,
2021-09-05 07:12:00,1.0,1020.225,5.55,13.1,84.525,1.175,62.625,288.1125,
2021-09-05 07:20:00,1.0,1020.3,16.025,13.1625,84.6375,1.0375,59.875,287.7875,
2021-09-05 07:28:00,1.0,1020.3,29.112499999999997,13.387500000000001,84.4625,1.1,60.625,287.85,
2021-09-05 07:36:00,1.0,1020.3874999999999,40.3375,13.612499999999999,84.0125,1.55,55.5,288.475,
2021-09-05 07:44:00,1.0,1020.4,66.65,13.8125,83.675,1.85,56.5,288.5875,
2021-09-05 07:52:00,1.0,1020.3249999999999,83.6,14.025,82.7125,2.4375,57.25,289.1,
2021-09-05 08:00:00,1.0,1020.3,100.05,14.112499999999999,81.9375,2.875,58.0,289.6875,
2021-09-05 08:08:00,1.0,1020.275,118.675,14.2625,81.3125,2.175,52.125,290.6875,
2021-09-05 08:16:00,1.0,1020.2,137.3625,14.4,80.2625,2.1125,50.375,290.55,
2021-09-05 08:24:00,1.0,1020.2,157.8125,14.525,79.6625,2.1,47.625,290.7375,
2021-09-05 08:32:00,1.0,1020.2,178.825,14.625,78.8375,2.4625,58.25,291.41249999999997,
2021-09-05 08:40:00,1.0,1020.2,199.4625,14.75,78.25,2.9625,58.0,292.1,
2021-09-05 08:48:00,1.0,1020.1875,220.85,14.887500000000001,77.5875,3.575,63.125,292.975,
2021-09-05 08:56:00,1.0,1020.2,245.175,15.0125,76.8125,3.9,63.5,296.625,
2021-09-05 09:04:00,1.0,1020.2,270.0,15.15,76.1125,3.7875,65.125,300.4625,
2021-09-05 09:12:00,1.0,1020.2,222.7625,15.225,74.9,4.125,63.75,319.825,
2021-09-05 09:20:00,1.0,1020.2625,290.9375,15.125,74.78750000000001,3.6125,70.125,338.6125,
2021-09-05 09:28:00,1.0,1020.3,273.3375,15.25,74.2625,3.4625,64.75,333.7125,
2021-09-05 09:36:00,1.0,1020.3125,233.8375,15.3,73.375,3.55,70.25,344.4,
2021-09-05 09:44:00,1.0,1020.3874999999999,389.1125,15.375,72.9375,4.125,68.75,333.3625,
2021-09-05 09:52:00,1.0,1020.4125,389.375,15.350000000000001,71.6625,5.2375,63.625,318.0,
2021-09-05 10:00:00,1.0,1020.425,429.3875,15.425,70.975,5.175,69.125,326.125,
2021-09-05 10:08:00,1.0,1020.525,213.675,15.4125,69.3375,6.35,63.125,315.625,
2021-09-05 10:16:00,1.0,1020.6,242.2875,15.2,69.1375,4.9875,63.25,326.0125,
2021-09-05 10:24:00,1.0,1020.6,546.975,15.4625,69.0625,4.3125,58.375,319.3125,
2021-09-05 10:32:00,1.0,1020.625,349.2125,15.6,67.1375,4.875,61.375,318.0875,
2021-09-05 10:40:00,1.0,1020.7,280.9625,15.387500000000001,67.125,4.75,63.375,305.4375,
2021-09-05 10:48:00,1.0,1020.7125000000001,351.825,15.275,67.2875,5.4875,62.25,303.1375,
2021-09-05 10:56:00,1.0,1020.8,179.5,15.5625,66.9875,5.0375,64.0,302.8,
2021-09-05 11:04:00,1.0,1020.8249999999999,422.2625,15.6375,66.25,4.9125,62.0,297.45,
2021-09-05 11:12:00,1.0,1020.8249999999999,123.4375,15.8375,65.925,5.3125,68.375,298.3625,
2021-09-05 11:20:00,1.0,1020.8125,100.6625,15.912500000000001,65.5625,5.3,70.875,301.55,
2021-09-05 11:28:00,1.0,1020.8874999999999,124.5,15.875,65.1,5.875,69.875,301.65,
2021-09-05 11:36:00,1.0,1020.7375,397.7125,16.012500000000003,65.4375,4.7125,66.75,301.45,
2021-09-05 11:44:00,1.0,1020.7,627.1875,16.3125,65.2125,4.0375,57.125,306.8125,
2021-09-05 11:52:00,1.0,1020.7,619.95,16.475,65.075,3.475,57.375,307.8,
2021-09-05 12:00:00,1.0,1020.7,675.25,16.5375,64.525,4.8,64.25,309.7125,
2021-09-05 12:08:00,1.0,1020.7,576.425,16.5375,64.275,4.425,62.75,309.4125,
2021-09-05 12:16:00,1.0,1020.6750000000001,491.2125,16.5625,64.475,3.4625,65.125,306.25,
2021-09-05 12:24:00,1.0,1020.6375,656.9375,16.5125,64.7,4.1375,72.0,313.1375,
2021-09-05 12:32:00,1.0,1020.575,494.825,16.7125,64.6125,3.4375,60.0,306.9,
2021-09-05 12:40:00,1.0,1020.525,704.55,16.75,64.5375,3.6625,56.625,314.725,
2021-09-05 12:48:00,1.0,1020.5,728.0,16.825,63.5625,4.7,64.25,316.45,
2021-09-05 12:56:00,1.0,1020.4625,558.1,16.925,63.474999999999994,3.5125,67.125,313.05,
2021-09-05 13:04:00,1.0,1020.4125,570.2375,16.7375,63.575,4.2625,70.375,315.9,
2021-09-05 13:12:00,1.0,1020.475,600.5,17.025,63.4375,3.6375,65.0,309.03749999999997,
2021-09-05 13:20:00,1.0,1020.4125,796.875,17.35,63.1,3.0,79.25,321.2125,
2021-09-05 13:28:00,1.0,1020.425,801.8874999999999,17.95,61.275,2.9125,77.125,331.8875,
2021-09-05 13:36:00,1.0,1020.4,736.1,17.7875,61.2875,3.575,66.875,329.375,
2021-09-05 13:44:00,1.0,1020.375,746.1375,17.825,61.3625,2.85,73.625,333.6625,
2021-09-05 13:52:00,1.0,1020.4,632.725,17.75,60.575,3.925,66.25,333.225,
2021-09-05 14:00:00,1.0,1020.4,657.4375,17.7125,61.5,3.5,63.625,323.3125,
2021-09-05 14:08:00,1.0,1020.4875,684.8625,17.85,61.6875,3.3,83.875,318.175,
2021-09-05 14:16:00,1.0,1020.4125,672.4,18.4875,60.0625,2.2125,120.875,313.825,
2021-09-05 14:24:00,1.0,1020.4,688.2375,18.1375,59.05,3.8625000000000003,71.0,313.1,
2021-09-05 14:32:00,1.0,1020.3375,692.6625,18.0625,60.2,2.9,77.5,314.35,
2021-09-05 14:40:00,1.0,1020.3125,564.6,18.225,59.4625,2.9125,77.875,312.8875,
2021-09-05 14:48:00,1.0,1020.3,445.8125,18.1125,60.1625,3.5,70.5,317.4625,
2021-09-05 14:56:00,1.0,1020.3,661.8375,18.0,60.9125,3.5125,71.5,317.5125,
2021-09-05 15:04:00,1.0,1020.3,627.5,18.25,60.0125,3.45,81.875,316.925,
2021-09-05 15:12:00,1.0,1020.3,648.075,18.5,59.6,3.125,93.0,318.45,
2021-09-05 15:20:00,1.0,1020.2375,645.85,18.587500000000002,59.0375,3.55,70.75,319.875,
2021-09-05 15:28:00,1.0,1020.225,658.575,18.775,59.55,2.05,81.375,326.025,
2021-09-05 15:36:00,1.0,1020.1625,443.2,19.05,57.9125,2.8,75.0,325.35,
2021-09-05 15:44:00,1.0,1020.0875,584.3625,18.6625,58.875,2.925,83.75,318.8625,
2021-09-05 15:52:00,1.0,1020.0,591.9625,18.55,59.675,4.375,66.75,321.2125,
2021-09-05 16:00:00,1.0,1019.925,538.0625,18.5,60.1375,3.6875,69.375,317.425,
2021-09-05 16:08:00,1.0,1019.9,504.775,18.5625,60.2,2.9875,75.125,317.65,
2021-09-05 16:16:00,1.0,1019.9,535.825,18.6875,59.675,3.5625,77.125,319.775,
2021-09-05 16:24:00,1.0,1019.8375,290.525,18.775,59.8,2.725,63.875,324.725,
2021-09-05 16:32:00,1.0,1019.8,253.9125,18.4375,60.8625,2.8125,80.25,327.475,
2021-09-05 16:40:00,1.0,1019.8874999999999,354.3875,18.3375,62.2,2.975,75.25,326.525,
2021-09-05 16:48:00,1.0,1019.9375,271.775,18.5125,61.45,2.3875,83.125,339.175,
2021-09-05 16:56:00,1.0,1019.9875,207.8875,18.45,61.375,3.5875000000000004,79.25,331.4625,
2021-09-05 17:04:00,1.0,1020.0,191.075,18.225,62.5375,3.8125,71.75,353.7375,
2021-09-05 17:12:00,1.0,1020.0,176.1,18.2,62.9625,3.9,71.625,378.6375,
2021-09-05 17:20:00,1.0,1020.0,166.35,18.2,63.0875,3.3499999999999996,73.875,371.7,
2021-09-05 17:28:00,1.0,1019.975,139.1875,18.175,63.2125,3.7875,72.0,379.95,
2021-09-05 17:36:00,1.0,1019.925,135.9375,18.1,63.425,3.875,67.75,379.90000000000003,
2021-09-05 17:44:00,1.0,1020.0,108.6375,18.1,63.3375,3.75,71.875,383.3,
2021-09-05 17:52:00,1.0,1020.0,93.075,18.1,63.4375,4.1625,70.375,382.875,
2021-09-05 18:00:00,1.0,1019.975,96.9,18.1,63.912499999999994,3.6,71.0,377.1,
2021-09-05 18:08:00,1.0,1020.0,123.8125,18.175,64.125,3.2625,72.625,363.0125,
2021-09-05 18:16:00,1.0,1019.9625,132.3375,18.25,64.5625,1.925,97.75,364.3125,
2021-09-05 18:24:00,1.0,1019.9,123.2375,18.475,63.725,1.725,103.75,373.8375,
2021-09-05 18:32:00,1.0,1019.9,101.9125,18.6,63.15,1.3875,155.0,376.125,
2021-09-05 18:40:00,1.0,1019.8874999999999,89.875,18.4,62.4375,3.0625,74.125,363.3875,
2021-09-05 18:48:00,1.0,1019.8625,76.05,18.2,63.4125,2.125,73.75,341.4625,
2021-09-05 18:56:00,1.0,1019.9,116.875,18.2125,63.775,2.2,75.125,339.5,
2021-09-05 19:04:00,1.0,1019.9,82.675,18.25,63.6875,2.8875,73.0,316.375,
2021-09-05 19:12:00,1.0,1019.9125,70.97500000000001,18.1375,63.825,2.5,73.5,312.7,
2021-09-05 19:20:00,1.0,1020.0,52.0625,18.0125,64.725,2.2375,63.625,312.625,
2021-09-05 19:28:00,1.0,1020.0875,34.0375,17.575,67.0125,2.5375,65.5,311.5625,
2021-09-05 19:36:00,1.0,1020.1,26.975,17.375,68.675,2.4875,67.375,311.075,
2021-09-05 19:44:00,1.0,1020.225,18.725,17.3,69.4875,1.975,57.0,310.75,
2021-09-05 19:52:00,1.0,1020.375,11.5,17.175,70.15,1.9125,51.625,310.4,
2021-09-05 20:00:00,1.0,1020.4,6.925,17.0375,70.825,2.35,63.375,309.8375,
2021-09-05 20:08:00,1.0,1020.45,1.6625,16.8625,71.4625,2.4,67.125,309.275,
2021-09-05 20:16:00,1.0,1020.5125,-2.15,16.7,71.9625,2.625,65.375,308.8375,
2021-09-05 20:24:00,1.0,1020.6,-4.55,16.5625,72.425,2.475,65.375,308.425,
2021-09-05 20:32:00,1.0,1020.6,-5.0,16.3875,72.875,2.5125,65.25,307.8375,
2021-09-05 20:40:00,1.0,1020.6,-5.0,16.25,73.6125,1.8625,63.25,307.2125,
2021-09-05 20:48:00,1.0,1020.7,-5.0,16.1125,74.25,1.6875,61.875,306.775,
2021-09-05 20:56:00,1.0,1020.7125000000001,-5.0,16.0375,75.05,2.15,69.875,306.6375,
2021-09-05 21:04:00,1.0,1020.7,-5.0,16.1,75.575,2.4,68.375,306.325,
2021-09-05 21:12:00,1.0,1020.8,-5.0,15.950000000000001,75.925,2.1875,66.25,305.8,
2021-09-05 21:20:00,1.0,1020.8,-5.0,15.7625,76.8875,1.825,62.125,305.325,
2021-09-05 21:28:00,1.0,1020.8375,-5.0,15.6875,77.725,1.6125,62.875,304.7625,
2021-09-05 21:36:00,1.0,1020.8,-5.0,15.6,78.5625,2.025,69.25,304.25,
2021-09-05 21:44:00,1.0,1020.8,-5.0,15.575,79.35,2.325,71.625,303.9875,
2021-09-05 21:52:00,1.0,1020.725,-5.0,15.5,79.975,1.6875,72.0,303.725,
2021-09-05 22:00:00,1.0,1020.8,-5.0,15.4375,80.5125,1.8625,76.5,303.45,
2021-09-05 22:08:00,1.0,1020.8,-5.0,15.375,80.95,1.925,72.875,303.0375,
2021-09-05 22:16:00,1.0,1020.8,-5.0,15.287500000000001,81.36250000000001,2.0,77.75,302.65,
2021-09-05 22:24:00,1.0,1020.8,-5.0,15.2,81.7625,1.9625,79.875,302.28749999999997,
2021-09-05 22:32:00,1.0,1020.75,-5.0,15.112499999999999,82.15,1.75,79.375,302.25,
2021-09-05 22:40:00,1.0,1020.7,-5.0,15.05,82.475,2.0125,75.25,301.875,
2021-09-05 22:48:00,1.0,1020.7,-5.0,15.0,82.9,1.5,79.0,301.825,
2021-09-05 22:56:00,1.0,1020.6875,-5.0,14.95,83.3125,1.375,80.0,301.7375,
2021-09-05 23:04:00,1.0,1020.625,-5.0,14.9,83.6875,1.5875,77.75,301.65,
2021-09-05 23:12:00,1.0,1020.6125000000001,-5.0,14.887500000000001,84.0,1.425,75.875,301.7625,
2021-09-05 23:20:00,1.0,1020.6625,-5.0,14.8,84.3125,1.1,70.5,301.8125,
2021-09-05 23:28:00,1.0,1020.6875,-5.0,14.75,84.5625,0.775,64.625,301.9375,
2021-09-05 23:36:00,1.0,1020.7,-5.0,14.7,84.825,0.5375,89.0,301.9875,
2021-09-05 23:44:00,1.0,1020.75,-5.0,14.6875,85.125,0.55,136.0,302.2,
2021-09-05 23:52:00,1.0,1020.8499999999999,-5.0,14.525,85.075,0.6125,230.625,302.6125,
2021-09-06 00:00:00,1.0,1020.9,-5.0,14.350000000000001,85.4625,0.75,261.125,303.275,
2021-09-06 00:08:00,1.0,1020.9,-5.0,14.350000000000001,86.05,0.6375,26.375,303.8875,
2021-09-06 00:16:00,1.0,1020.975,-5.0,14.475,86.1875,0.475,154.5,306.7625,
2021-09-06 00:24:00,1.0,1021.0,-5.0,14.5625,86.2,0.7375,40.5,306.5,
2021-09-06 00:32:00,1.0,1021.0,-5.0,14.6625,86.225,0.95,64.75,304.3375,
2021-09-06 00:40:00,1.0,1021.0,-5.0,14.7,86.125,0.5125,49.0,308.175,
2021-09-06 00:48:00,1.0,1021.0,-5.0,14.7,86.225,0.5125,50.25,321.9125,
2021-09-06 00:56:00,1.0,1021.0875,-5.0,14.6875,86.0375,0.775,56.875,320.2125,
2021-09-06 01:04:00,1.0,1021.0875,-5.0,14.7,86.125,0.3875,60.5,327.65,
2021-09-06 01:12:00,1.0,1021.0375,-5.0,14.7,86.1125,0.575,73.25,321.1375,
2021-09-06 01:20:00,1.0,1021.025,-5.0,14.7,85.825,0.7,93.0,323.225,
2021-09-06 01:28:00,1.0,1020.9125,-5.0,14.6,85.9,0.5,92.125,307.0625,
2021-09-06 01:36:00,1.0,1020.9,-5.0,14.5375,85.9625,0.65,77.625,306.975,
2021-09-06 01:44:00,1.0,1020.8,-5.0,14.4125,86.075,0.3125,38.75,318.0375,
2021-09-06 01:52:00,1.0,1020.8,-5.0,14.4,86.175,0.45,32.875,320.15000000000003,
2021-09-06 02:00:00,1.0,1020.75,-5.0,14.3125,86.2125,0.5875,26.375,310.3875,
2021-09-06 02:08:00,1.0,1020.6875,-5.0,14.225,86.325,1.05,22.875,306.95,
2021-09-06 02:16:00,1.0,1020.5625,-5.0,14.2,86.5875,1.175,40.75,311.1,
2021-09-06 02:24:00,1.0,1020.3625,-5.0,14.2,86.7125,0.85,46.25,312.9375,
2021-09-06 02:32:00,1.0,1020.3,-5.0,14.2375,86.675,0.9875,26.25,312.8125,
2021-09-06 02:40:00,1.0,1020.3249999999999,-5.0,14.2,86.675,0.9375,30.5,303.1,
2021-09-06 02:48:00,1.0,1020.375,-5.0,14.2,86.8,0.9375,64.0,302.05,
2021-09-06 02:56:00,1.0,1020.3,-5.0,14.1,86.825,1.1625,25.125,302.7,
2021-09-06 03:04:00,1.0,1020.3,-5.0,14.1,86.925,1.1875,29.125,309.9375,
2021-09-06 03:12:00,1.0,1020.2,-5.0,14.1,86.9125,0.975,145.5,329.5375,
2021-09-06 03:20:00,1.0,1020.2,-5.0,14.149999999999999,87.225,0.85,35.5,338.8875,
2021-09-06 03:28:00,1.0,1020.3,-5.0,14.2,87.0625,0.5375,312.0,329.35,
2021-09-06 03:36:00,1.0,1020.25,-5.0,14.2,87.15,0.55,234.125,317.6,
2021-09-06 03:44:00,1.0,1020.2,-5.0,14.25,87.2625,0.575,230.875,313.35,
2021-09-06 03:52:00,1.0,1020.1500000000001,-5.0,14.225,87.3875,0.5625,97.125,318.3625,
2021-09-06 04:00:00,1.0,1020.1,-5.0,14.2375,87.225,0.3875,153.125,302.3625,
2021-09-06 04:08:00,1.0,1020.1,-5.0,14.125,87.2375,0.65,261.875,301.1875,
2021-09-06 04:16:00,1.0,1020.1875,-5.0,14.0125,87.6875,0.7,187.375,301.55,
2021-09-06 04:24:00,1.0,1020.2,-5.0,14.0125,87.7875,0.5625,201.25,301.4125,
2021-09-06 04:32:00,1.0,1020.2,-5.0,13.9875,87.8,0.1625,186.625,300.95,
2021-09-06 04:40:00,1.0,1020.2375,-5.0,13.8625,87.85,0.037500000000000006,249.125,300.675,
2021-09-06 04:48:00,1.0,1020.225,-5.0,13.8,88.3,0.5125,298.0,300.7625,
2021-09-06 04:56:00,1.0,1020.1375,-5.0,13.887500000000001,88.625,0.55,294.0,300.9375,
2021-09-06 05:04:00,1.0,1020.1,-5.0,13.7625,88.3375,0.2625,134.75,299.675,
2021-09-06 05:12:00,1.0,1020.1,-5.0,13.4625,88.325,0.05,247.25,299.625,
2021-09-06 05:20:00,1.0,1020.05,-5.0,13.275,88.9,0.037500000000000006,184.0,300.2375,
2021-09-06 05:28:00,1.0,1020.0,-5.0,13.1625,89.125,0.125,284.75,300.075,
2021-09-06 05:36:00,1.0,1019.9625,-5.0,13.1,89.5125,0.25,288.75,300.3875,
2021-09-06 05:44:00,1.0,1019.8625,-5.0,13.075,89.525,0.1125,166.625,299.9125,
2021-09-06 05:52:00,1.0,1019.8,-5.0,12.8625,89.4625,0.15,135.125,298.875,
2021-09-06 06:00:00,1.0,1019.7375,-5.0,12.649999999999999,89.65,0.15,187.125,298.275,
2021-09-06 06:08:00,1.0,1019.7,-5.0,12.674999999999999,90.1625,0.15000000000000002,158.375,298.85,
2021-09-06 06:16:00,1.0,1019.75,-5.0,12.5375,90.075,0.0,254.875,299.6625,
2021-09-06 06:24:00,1.0,1019.8,-5.0,12.5,90.4,0.025,206.375,301.125,
2021-09-06 06:32:00,1.0,1019.8125,-5.0,12.5,90.525,0.025,130.125,301.2625,
2021-09-06 06:40:00,1.0,1019.9,-4.35,12.5,90.65,0.025,223.5,301.65,
2021-09-06 06:48:00,1.0,1019.9125,-2.15,12.4,90.75,0.0625,289.75,301.725,
2021-09-06 06:56:00,1.0,1020.0,1.425,12.4375,90.75,0.0125,226.5,301.71250000000003,
2021-09-06 07:04:00,1.0,1020.0375,7.5125,12.3375,91.05,0.1,179.5,300.9375,
2021-09-06 07:12:00,1.0,1020.1,12.75,12.375,90.825,0.1125,248.25,300.425,
2021-09-06 07:20:00,1.0,1020.1,16.7375,12.275,91.05,0.037500000000000006,269.0,319.8375,
2021-09-06 07:28:00,1.0,1020.1,21.625,12.387500000000001,91.2,0.037500000000000006,268.125,333.5,
2021-09-06 07:36:00,1.0,1020.1375,25.975,12.425,91.25,0.15,251.0,351.6625,
2021-09-06 07:44:00,1.0,1020.2,33.35,12.5625,91.35,0.125,273.625,359.8625,
2021-09-06 07:52:00,1.0,1020.275,42.65,12.6875,91.35,0.425,207.875,362.525,
2021-09-06 08:00:00,1.0,1020.2,59.6375,12.875,91.375,0.4,234.0,357.4625,
2021-09-06 08:08:00,1.0,1020.2,72.05,13.1625,91.5625,0.7,234.125,346.8,
2021-09-06 08:16:00,1.0,1020.2,93.15,13.5375,91.6,0.425,244.5,338.1375,
2021-09-06 08:24:00,1.0,1020.1750000000001,160.425,13.975,91.7625,0.475,280.75,317.875,
2021-09-06 08:32:00,1.0,1020.05,201.1,14.575,91.2,0.5,293.375,301.75,
2021-09-06 08:40:00,1.0,1019.9875,241.9875,15.1,90.6625,0.4,261.375,302.8,
2021-09-06 08:48:00,1.0,1019.8625,245.3375,15.475,89.6,0.6875,298.125,304.5875,
2021-09-06 08:56:00,1.0,1019.8,249.17499999999998,15.825,89.6,0.5875,292.625,305.8,
2021-09-06 09:04:00,1.0,1019.8,253.3375,16.1875,88.775,0.75,258.75,306.2125,
2021-09-06 09:12:00,1.0,1019.8125,239.1625,16.25,87.8375,1.025,294.5,305.95,
2021-09-06 09:20:00,1.0,1019.7875,275.25,16.1875,87.825,0.95,260.5,306.1375,
2021-09-06 09:28:00,1.0,1019.7,276.525,16.375,87.25,0.9624999999999999,262.25,308.6875,
2021-09-06 09:36:00,1.0,1019.7,310.6,16.4,86.825,0.9375,245.875,305.1375,
2021-09-06 09:44:00,1.0,1019.725,340.325,16.8875,86.475,0.975,169.625,309.3125,
2021-09-06 09:52:00,1.0,1019.8,315.7375,17.15,84.825,0.95,251.875,326.2,
2021-09-06 10:00:00,1.0,1019.8,322.825,17.1875,84.45,0.8375,281.375,331.8125,
2021-09-06 10:08:00,1.0,1019.8,365.675,17.5125,83.3625,0.9375,286.75,333.34999999999997,
2021-09-06 10:16:00,1.0,1019.9,377.65,17.35,81.83749999999999,1.45,255.75,338.9,
2021-09-06 10:24:00,1.0,1019.9125,383.9875,17.3375,81.3125,1.35,253.5,337.5875,
2021-09-06 10:32:00,1.0,1019.95,252.6625,17.2625,80.8625,1.425,342.125,335.2375,
2021-09-06 10:40:00,1.0,1020.0,535.6375,17.65,81.4375,0.8125,126.625,342.825,
2021-09-06 10:48:00,1.0,1020.025,468.3125,18.4,78.925,0.975,170.75,365.3125,
2021-09-06 10:56:00,1.0,1020.1,304.4625,18.4875,77.0,0.8375,163.625,368.625,
2021-09-06 11:04:00,1.0,1020.1,457.3625,18.7375,75.7625,1.0125,134.125,374.575,
2021-09-06 11:12:00,1.0,1020.1,259.8,18.5875,74.25,1.475,56.875,377.075,
2021-09-06 11:20:00,1.0,1020.1,243.225,18.0875,75.1,1.3,35.0,366.0125,
2021-09-06 11:28:00,1.0,1020.1,251.0,17.912499999999998,75.8375,1.2125,59.875,371.5625,
2021-09-06 11:36:00,1.0,1020.1,291.55,18.0,76.0625,1.5,58.75,377.075,
2021-09-06 11:44:00,1.0,1020.1,261.1375,17.9,75.875,1.5,80.75,370.9375,
2021-09-06 11:52:00,1.0,1020.1,343.3375,17.8875,76.05,1.35,104.25,353.5875,
2021-09-06 12:00:00,1.0,1020.1750000000001,480.825,18.225,75.85,1.3875,49.75,348.5625,
2021-09-06 12:08:00,1.0,1020.3,418.5375,18.625,74.4875,1.5875,64.875,361.1125,
2021-09-06 12:16:00,1.0,1020.2375,268.0,18.55,73.4125,1.5,29.125,361.6625,
2021-09-06 12:24:00,1.0,1020.2,212.675,18.0125,73.525,2.025,31.75,357.025,
2021-09-06 12:32:00,1.0,1020.2,244.8,17.6875,74.8375,2.05,27.75,350.1,
2021-09-06 12:40:00,1.0,1020.1750000000001,333.23749999999995,17.725,75.6375,1.9125,17.625,348.2625,
2021-09-06 12:48:00,1.0,1020.1,390.5625,18.05,75.575,1.525,32.625,344.75,
2021-09-06 12:56:00,1.0,1020.025,572.8,18.3875,74.75,1.7125000000000001,43.875,348.7125,
2021-09-06 13:04:00,1.0,1019.9375,484.35,18.8125,73.325,1.75,41.25,352.9875,
2021-09-06 13:12:00,1.0,1019.9,396.65,18.7875,72.39999999999999,1.575,45.25,352.4625,
2021-09-06 13:20:00,1.0,1019.9,414.075,18.6,72.4,1.525,39.5,340.6875,
2021-09-06 13:28:00,1.0,1019.9,533.8875,18.9125,72.7125,1.675,78.0,335.9,
2021-09-06 13:36:00,1.0,1019.9,348.0,18.95,71.3625,1.6,81.25,336.85,
2021-09-06 13:44:00,1.0,1020.0,314.05,18.8125,71.825,1.225,95.0,343.75,
2021-09-06 13:52:00,1.0,1019.9875,331.85,18.9375,71.6125,1.45,111.125,349.475,
2021-09-06 14:00:00,1.0,1019.9875,398.85,19.075,71.6875,0.9625,115.625,357.8,
2021-09-06 14:08:00,1.0,1019.9,499.625,19.375,69.6875,1.6749999999999998,227.625,358.725,
2021-09-06 14:16:00,1.0,1019.9,350.125,19.3875,68.8875,1.425,148.875,364.9,
2021-09-06 14:24:00,1.0,1019.9875,354.775,19.2125,69.0625,1.2125,76.25,370.5875,
2021-09-06 14:32:00,1.0,1019.9875,286.4375,19.425,69.725,1.7375,11.625,375.9,
2021-09-06 14:40:00,1.0,1020.0,365.85,19.175,69.125,2.5125,26.125,370.3125,
2021-09-06 14:48:00,1.0,1020.0,263.475,18.875,70.2625,2.0125,98.75,360.28749999999997,
2021-09-06 14:56:00,1.0,1020.0,238.2875,18.6375,70.8125,2.4875,12.625,363.1625,
2021-09-06 15:04:00,1.0,1020.0,169.6625,18.575,71.8625,1.1375,177.875,373.6375,
2021-09-06 15:12:00,1.0,1019.9875,183.775,19.0625,71.325,1.125,109.875,369.3875,
2021-09-06 15:20:00,1.0,1019.8625,194.925,19.1,70.7625,0.8624999999999999,179.375,372.7,
2021-09-06 15:28:00,1.0,1019.7874999999999,228.925,19.3625,70.575,0.7374999999999999,118.0,369.5375,
2021-09-06 15:36:00,1.0,1019.6500000000001,218.8,19.475,70.0625,0.8125,102.0,370.275,
2021-09-06 15:44:00,1.0,1019.6,176.4375,19.4,69.225,0.9625,318.875,372.85,
2021-09-06 15:52:00,1.0,1019.6125000000001,139.975,19.65,68.65,0.875,245.625,375.575,
2021-09-06 16:00:00,1.0,1019.5625,190.4625,19.6,66.2625,1.2,297.75,374.1875,
2021-09-06 16:08:00,1.0,1019.5125,167.7375,19.5375,66.5375,1.0625,129.0,373.4125,
2021-09-06 16:16:00,1.0,1019.5875,139.625,18.95,68.4,1.025,162.0,373.3,
2021-09-06 16:24:00,1.0,1019.6,126.2625,18.8,70.8375,0.8,334.75,372.8125,
2021-09-06 16:32:00,1.0,1019.6,129.8625,18.7625,71.4625,1.2625,222.25,371.825,
2021-09-06 16:40:00,1.0,1019.6625,135.925,18.6125,72.4,0.9125,276.5,373.1875,
2021-09-06 16:48:00,1.0,1019.6375,137.2875,18.825,72.4,0.9750000000000001,300.0,374.1125,
2021-09-06 16:56:00,1.0,1019.6,135.625,18.775,71.9375,1.15,216.0,373.675,
2021-09-06 17:04:00,1.0,1019.5875,121.625,18.8,72.2625,0.775,285.375,373.95,
2021-09-06 17:12:00,1.0,1019.6625,102.5375,18.775,71.9625,0.8,287.5,374.8625,
2021-09-06 17:20:00,1.0,1019.7125000000001,98.4125,18.7125,71.5,0.6375,335.75,375.85,
2021-09-06 17:28:00,1.0,1019.8,89.2875,18.7375,71.3375,1.1625,294.375,378.7875,
2021-09-06 17:36:00,1.0,1019.875,75.9625,18.5625,71.95,0.7875000000000001,287.5,382.275,
2021-09-06 17:44:00,1.0,1019.9,79.7,18.5375,72.125,0.625,207.5,380.7375,
2021-09-06 17:52:00,1.0,1019.9,92.6375,18.6625,71.8375,0.75,272.625,377.725,
2021-09-06 18:00:00,1.0,1019.95,122.48750000000001,18.7875,70.4375,1.15,264.375,377.675,
2021-09-06 18:08:00,1.0,1019.8249999999999,120.975,19.025,69.075,0.7125,271.125,377.15,
2021-09-06 18:16:00,1.0,1019.8,127.375,19.175,67.6875,0.825,310.0,376.5875,
2021-09-06 18:24:00,1.0,1019.725,147.6375,19.3125,67.225,0.7250000000000001,274.875,370.7875,
2021-09-06 18:32:00,1.0,1019.7,108.875,19.3,66.15,0.9,232.875,355.525,
2021-09-06 18:40:00,1.0,1019.7,90.4625,19.075,64.875,1.4375,279.875,361.6875,
2021-09-06 18:48:00,1.0,1019.7125000000001,48.8,18.8,65.275,1.5625,278.125,364.0625,
2021-09-06 18:56:00,1.0,1019.8,27.7,18.6625,66.2625,1.5125,265.5,371.9625,
2021-09-06 19:04:00,1.0,1019.8,46.175,18.6,67.125,0.9750000000000001,275.875,370.65,
2021-09-06 19:12:00,1.0,1019.8,50.9625,18.587500000000002,67.1375,1.25,285.0,370.6125,
2021-09-06 19:20:00,1.0,1019.8125,47.15,18.4875,67.1875,1.375,280.25,360.8125,
2021-09-06 19:28:00,1.0,1019.8125,35.6,18.3375,67.45,1.1875,269.625,342.1625,
2021-09-06 19:36:00,1.0,1019.8249999999999,25.662499999999998,18.175,67.925,1.325,281.375,327.325,
2021-09-06 19:44:00,1.0,1019.9,17.825,17.9625,68.65,1.1625,286.75,322.275,
2021-09-06 19:52:00,1.0,1019.925,9.5625,17.825,69.3875,0.9125,266.5,319.6,
2021-09-06 20:00:00,1.0,1019.95,2.9124999999999996,17.6875,69.6625,1.075,283.125,318.8625,
2021-09-06 20:08:00,1.0,1019.9375,-2.2375,17.5375,69.9375,0.925,272.125,319.475,
2021-09-06 20:16:00,1.0,1019.9625,-4.5375,17.375,70.25,0.875,274.875,322.8125,
2021-09-06 20:24:00,1.0,1020.1,-5.0,17.2375,70.5375,1.0,273.125,330.175,
2021-09-06 20:32:00,1.0,1020.1,-5.0,17.175,70.7125,0.7,258.625,332.625,
2021-09-06 20:40:00,1.0,1020.0375,-5.0,17.1,70.7875,0.7875,259.5,336.4375,
2021-09-06 20:48:00,1.0,1020.0125,-5.0,17.0,70.9375,0.525,255.375,334.9375,
2021-09-06 20:56:00,1.0,1020.1125000000001,-5.0,16.9375,71.125,0.8125,268.0,330.225,
2021-09-06 21:04:00,1.0,1020.1,-5.0,16.8625,71.3625,0.5875,254.875,328.1875,
2021-09-06 21:12:00,1.0,1020.1125000000001,-5.0,16.7625,71.6375,0.55,262.875,326.4125,
2021-09-06 21:20:00,1.0,1020.1,-5.0,16.7,72.0125,0.7875,254.25,325.225,
2021-09-06 21:28:00,1.0,1020.1,-5.0,16.6,72.475,0.525,245.875,323.6875,
2021-09-06 21:36:00,1.0,1020.1625,-5.0,16.475,72.9,0.3625,257.875,324.3375,
2021-09-06 21:44:00,1.0,1020.225,-5.0,16.3375,73.425,0.6499999999999999,264.5,322.4125,
2021-09-06 21:52:00,1.0,1020.3,-5.0,16.2125,74.125,0.7,243.25,319.15,
2021-09-06 22:00:00,1.0,1020.3,-5.0,16.087500000000002,74.775,0.9125,242.125,318.6125,
2021-09-06 22:08:00,1.0,1020.3874999999999,-5.0,15.9625,75.375,0.85,246.75,317.6625,
2021-09-06 22:16:00,1.0,1020.3249999999999,-5.0,15.887500000000001,76.05,0.8875,236.0,318.2,
2021-09-06 22:24:00,1.0,1020.3249999999999,-5.0,15.775,76.575,0.95,253.25,317.8625,
2021-09-06 22:32:00,1.0,1020.45,-5.0,15.6875,77.25,0.8375,242.625,315.7625,
2021-09-06 22:40:00,1.0,1020.525,-5.0,15.575,78.025,0.95,247.25,314.1625,
2021-09-06 22:48:00,1.0,1020.5625,-5.0,15.4375,78.9,0.9375,244.75,313.775,
2021-09-06 22:56:00,1.0,1020.5875,-5.0,15.325000000000001,79.75,1.2375,248.0,318.6625,
2021-09-06 23:04:00,1.0,1020.6,-5.0,15.25,80.525,1.1375,259.75,320.925,
2021-09-06 23:12:00,1.0,1020.6,-5.0,15.149999999999999,81.175,1.1,263.375,321.85,
2021-09-06 23:20:00,1.0,1020.6,-5.0,15.0625,81.7125,1.075,255.875,321.6625,
2021-09-06 23:28:00,1.0,1020.625,-5.0,14.95,82.15,1.3375,270.25,320.9,
2021-09-06 23:36:00,1.0,1020.7,-5.0,14.825000000000001,82.65,1.1,287.75,319.3375,
2021-09-06 23:44:00,1.0,1020.7,-5.0,14.725,83.0875,0.925,291.875,315.6625,
2021-09-06 23:52:00,1.0,1020.75,-5.0,14.649999999999999,83.425,1.3125,288.125,312.0,
2021-09-07 00:00:00,1.0,1020.725,-5.0,14.6,83.7625,1.35,289.75,310.4125,
2021-09-07 00:08:00,1.0,1020.7,-5.0,14.5,84.05,1.4375,293.75,310.2375,
2021-09-07 00:16:00,1.0,1020.7,-5.0,14.4875,84.25,1.45,288.125,310.2375,
2021-09-07 00:24:00,1.0,1020.7,-5.0,14.4,84.4875,1.3375,281.125,309.6125,
2021-09-07 00:32:00,1.0,1020.6500000000001,-5.0,14.4,84.58749999999999,1.4375,279.5,307.7875,
2021-09-07 00:40:00,1.0,1020.6,-5.0,14.3625,84.7,1.4,281.875,305.7875,
2021-09-07 00:48:00,1.0,1020.6,-5.0,14.3,84.9125,0.7125,264.875,305.9375,
2021-09-07 00:56:00,1.0,1020.5625,-5.0,14.2375,85.025,0.4,195.625,309.575,
2021-09-07 01:04:00,1.0,1020.5,-5.0,14.1875,85.35000000000001,0.3,153.375,310.0875,
2021-09-07 01:12:00,1.0,1020.55,-5.0,14.0875,85.4875,0.45,190.375,308.425,
2021-09-07 01:20:00,1.0,1020.6,-5.0,14.0,85.725,0.3875,218.375,306.875,
2021-09-07 01:28:00,1.0,1020.6750000000001,-5.0,13.887500000000001,85.9,0.2375,245.75,305.3875,
2021-09-07 01:36:00,1.0,1020.6,-5.0,13.8,86.25,0.5,183.875,302.3875,
2021-09-07 01:44:00,1.0,1020.6,-5.0,13.7,86.5,0.2875,188.875,302.825,
2021-09-07 01:52:00,1.0,1020.5625,-5.0,13.649999999999999,86.6875,0.425,217.0,303.0125,
2021-09-07 02:00:00,1.0,1020.6,-5.0,13.575,86.975,0.575,222.875,300.6875,
2021-09-07 02:08:00,1.0,1020.6,-5.0,13.4875,87.1625,0.5125,248.625,299.45,
2021-09-07 02:16:00,1.0,1020.5625,-5.0,13.4,87.475,0.2875,180.5,298.5125,
2021-09-07 02:24:00,1.0,1020.5,-5.0,13.4,87.825,0.1125,154.125,297.4625,
2021-09-07 02:32:00,1.0,1020.5,-5.0,13.3375,87.8125,0.4875,239.125,297.4125,
2021-09-07 02:40:00,1.0,1020.4625,-5.0,13.225,88.0375,0.3375,232.125,297.9125,
2021-09-07 02:48:00,1.0,1020.4375,-5.0,13.2,88.2875,0.625,240.75,298.675,
2021-09-07 02:56:00,1.0,1020.5,-5.0,13.149999999999999,88.475,0.9875,254.125,300.2875,
2021-09-07 03:04:00,1.0,1020.4625,-5.0,13.075,88.575,0.825,270.375,302.4625,
2021-09-07 03:12:00,1.0,1020.5,-5.0,13.0,88.8625,0.8375,276.875,307.2875,
2021-09-07 03:20:00,1.0,1020.5,-5.0,13.0,89.1125,0.8500000000000001,273.25,312.1625,
2021-09-07 03:28:00,1.0,1020.5,-5.0,12.9125,89.2625,0.8125,266.125,322.6125,
2021-09-07 03:36:00,1.0,1020.5,-5.0,12.9,89.4875,0.8,272.5,325.9875,
2021-09-07 03:44:00,1.0,1020.5,-5.0,12.9,89.6125,0.8,278.625,309.0875,
2021-09-07 03:52:00,1.0,1020.5,-5.0,12.8125,89.7125,0.875,274.125,299.4,
2021-09-07 04:00:00,1.0,1020.4875,-5.0,12.75,89.9625,0.325,190.875,298.95,
2021-09-07 04:08:00,1.0,1020.4,-5.0,12.7,90.07499999999999,0.8,276.125,299.2625,
2021-09-07 04:16:00,1.0,1020.4,-5.0,12.649999999999999,90.2875,0.775,264.375,299.9,
2021-09-07 04:24:00,1.0,1020.4,-5.0,12.6,90.4375,0.4875,278.5,300.0625,
2021-09-07 04:32:00,1.0,1020.4,-5.0,12.6,90.6125,0.525,266.75,300.4,
2021-09-07 04:40:00,1.0,1020.4375,-5.0,12.6,90.75,0.6,257.875,300.8125,
2021-09-07 04:48:00,1.0,1020.5375,-5.0,12.5125,90.825,0.2125,297.125,301.325,
2021-09-07 04:56:00,1.0,1020.6,-5.0,12.5,90.9875,0.125,211.125,301.65,
2021-09-07 05:04:00,1.0,1020.5,-5.0,12.4625,90.975,0.2625,213.125,301.8125,
2021-09-07 05:12:00,1.0,1020.5,-5.0,12.4375,91.25,0.35,311.75,302.0625,
2021-09-07 05:20:00,1.0,1020.5,-5.0,12.4375,91.375,0.75,252.0,303.83750000000003,
2021-09-07 05:28:00,1.0,1020.625,-5.0,12.4125,91.2875,0.44999999999999996,247.75,318.7625,
2021-09-07 05:36:00,1.0,1020.7,-5.0,12.4,91.525,0.4,253.875,332.9625,
2021-09-07 05:44:00,1.0,1020.7,-5.0,12.4,91.6125,0.35,248.0,331.8,
2021-09-07 05:52:00,1.0,1020.625,-5.0,12.4,91.65,0.1625,235.25,334.2625,
2021-09-07 06:00:00,1.0,1020.6,-5.0,12.4,91.75,0.1125,191.0,324.5625,
2021-09-07 06:08:00,1.0,1020.6,-5.0,12.4,91.8125,0.525,263.25,308.775,
2021-09-07 06:16:00,1.0,1020.6375,-5.0,12.4,91.8,0.5125,254.0,302.2625,
2021-09-07 06:24:00,1.0,1020.75,-5.0,12.4,91.9375,0.5875,238.625,301.3375,
2021-09-07 06:32:00,1.0,1020.7,-5.0,12.3,91.8625,0.3125,226.75,301.625,
2021-09-07 06:40:00,1.0,1020.7,-4.775,12.2,92.05,0.4,236.125,302.2125,
2021-09-07 06:48:00,1.0,1020.775,-3.0125,12.2,92.1875,0.3,247.25,301.4875,
2021-09-07 06:56:00,1.0,1020.725,-0.5625,12.2,92.1375,0.1375,278.75,300.725,
2021-09-07 07:04:00,1.0,1020.7,4.8875,12.149999999999999,92.2,0.037500000000000006,248.125,301.0125,
2021-09-07 07:12:00,1.0,1020.7,13.6125,12.174999999999999,92.4625,0.23750000000000002,246.25,301.1,
2021-09-07 07:20:00,1.0,1020.6,22.0125,12.325000000000001,92.4625,0.3625,247.75,301.35,
2021-09-07 07:28:00,1.0,1020.6125000000001,36.0875,12.4375,92.45,0.5,265.125,302.7375,
2021-09-07 07:36:00,1.0,1020.7,47.7625,12.5625,92.4,0.575,269.625,303.7875,
2021-09-07 07:44:00,1.0,1020.8,66.325,12.674999999999999,92.2,0.9875,271.5,303.4,
2021-09-07 07:52:00,1.0,1020.8,75.1125,12.825000000000001,92.225,1.0875,281.875,302.8,
2021-09-07 08:00:00,1.0,1020.725,98.0,13.05,92.3875,0.5,277.0,303.875,
2021-09-07 08:08:00,1.0,1020.6125000000001,84.1125,13.575,92.55,0.05,169.625,305.2875,
2021-09-07 08:16:00,1.0,1020.6875,126.42500000000001,13.925,91.575,0.35,265.625,305.0375,
2021-09-07 08:24:00,1.0,1020.725,147.6375,13.925,90.9125,0.7,272.375,305.45,
2021-09-07 08:32:00,1.0,1020.7,159.3125,14.0125,90.8625,0.6625,274.25,305.7,
2021-09-07 08:40:00,1.0,1020.6125000000001,172.01250000000002,14.3375,91.125,0.5625,167.875,306.375,
2021-09-07 08:48:00,1.0,1020.6125000000001,199.025,14.7125,90.2125,0.525,109.625,308.175,
2021-09-07 08:56:00,1.0,1020.7,190.55,15.125,89.9875,0.275,102.25,315.525,
2021-09-07 09:04:00,1.0,1020.7125000000001,165.15,15.6,89.125,0.2875,214.375,323.1,
2021-09-07 09:12:00,1.0,1020.8,238.725,15.649999999999999,87.9375,0.525,268.0,327.9125,
2021-09-07 09:20:00,1.0,1020.8625,342.025,15.9375,88.225,0.47500000000000003,202.75,337.075,
2021-09-07 09:28:00,1.0,1020.8,371.2625,16.650000000000002,86.275,0.775,235.75,334.4,
2021-09-07 09:36:00,1.0,1020.8,284.6625,17.3125,85.175,0.225,132.875,342.6125,
2021-09-07 09:44:00,1.0,1020.7874999999999,213.6875,17.525,81.2,0.6375,182.875,350.55,
2021-09-07 09:52:00,1.0,1020.8625,223.4375,16.85,79.8125,1.175,298.25,347.3375,
2021-09-07 10:00:00,1.0,1020.975,265.6375,16.8125,79.85,0.625,171.375,359.3125,
2021-09-07 10:08:00,1.0,1021.0,361.6125,17.2625,77.7875,0.5,115.375,363.4375,
2021-09-07 10:16:00,1.0,1020.925,253.2875,17.6,74.5625,0.625,250.625,368.6125,
2021-09-07 10:24:00,1.0,1020.8499999999999,240.775,17.4,72.1,0.475,266.5,368.8125,
2021-09-07 10:32:00,1.0,1020.9,211.35,17.3875,71.6125,0.9,86.375,368.21250000000003,
2021-09-07 10:40:00,1.0,1020.975,218.5625,17.2125,72.3875,0.925,70.375,368.8125,
2021-09-07 10:48:00,1.0,1021.0625,227.05,17.3125,73.25,0.6,70.625,366.4625,
2021-09-07 10:56:00,1.0,1021.2,234.925,17.6125,72.53750000000001,0.5375,85.5,352.875,
2021-09-07 11:04:00,1.0,1021.2,306.9375,17.625,71.0875,0.9625,75.5,343.2625,
2021-09-07 11:12:00,1.0,1021.1500000000001,308.5375,17.975,70.025,1.075,80.5,356.0375,
2021-09-07 11:20:00,1.0,1021.1750000000001,274.3875,18.2625,67.975,0.925,76.0,368.975,
2021-09-07 11:28:00,1.0,1021.2125000000001,221.075,18.087500000000002,67.45,0.5875,75.0,360.425,
2021-09-07 11:36:00,1.0,1021.2125000000001,257.5125,18.2625,67.2125,0.425,116.875,350.525,
2021-09-07 11:44:00,1.0,1021.1875,315.15,18.275,65.9,0.8625,105.625,334.7625,
2021-09-07 11:52:00,1.0,1021.1875,497.9375,18.1125,65.4125,1.4,76.625,328.325,
2021-09-07 12:00:00,1.0,1021.1,483.0625,18.175,65.05,1.325,76.125,336.175,
2021-09-07 12:08:00,1.0,1021.05,603.6,18.35,63.975,1.5375,71.875,340.41249999999997,
2021-09-07 12:16:00,1.0,1021.0,491.5125,18.424999999999997,63.3875,1.3499999999999999,75.375,346.575,
2021-09-07 12:24:00,1.0,1020.9125,484.88750000000005,18.825,63.6,0.975,72.5,354.125,
2021-09-07 12:32:00,1.0,1020.9375,402.1625,19.125,62.4875,1.075,72.125,360.6875,
2021-09-07 12:40:00,1.0,1020.9,463.0125,19.225,62.45,0.9125,78.625,349.0875,
2021-09-07 12:48:00,1.0,1020.875,460.225,19.525,61.2125,0.7125,157.125,347.275,
2021-09-07 12:56:00,1.0,1020.8,560.5375,19.8625,59.825,1.3875,250.0,358.7375,
2021-09-07 13:04:00,1.0,1020.8,511.25,20.025,58.375,1.05,299.125,364.5875,
2021-09-07 13:12:00,1.0,1020.6500000000001,466.9875,20.1,57.0,1.225,277.25,351.1625,
2021-09-07 13:20:00,1.0,1020.6,486.08750000000003,20.25,57.3125,0.9875,134.375,340.5875,
2021-09-07 13:28:00,1.0,1020.5,608.7625,20.1375,56.8375,1.2875,72.625,359.2625,
2021-09-07 13:36:00,1.0,1020.4125,332.875,19.95,57.0625,0.75,64.875,366.0125,
2021-09-07 13:44:00,1.0,1020.5,418.975,20.175,56.9875,0.6625000000000001,227.375,349.4,
2021-09-07 13:52:00,1.0,1020.5,623.925,20.7875,56.3875,0.7875,82.5,333.525,
2021-09-07 14:00:00,1.0,1020.425,568.825,21.5125,53.275,0.85,97.375,332.95,
2021-09-07 14:08:00,1.0,1020.5,614.3125,21.2375,53.7875,1.125,65.875,336.1,
2021-09-07 14:16:00,1.0,1020.4,560.9875,21.3125,53.5,1.3125,54.875,336.45,
2021-09-07 14:24:00,1.0,1020.4,619.4125,21.125,54.1,1.0125,59.125,337.775,
2021-09-07 14:32:00,1.0,1020.3499999999999,704.6875,21.575,53.225,1.0875,67.125,345.65,
2021-09-07 14:40:00,1.0,1020.3,517.1,21.85,51.2875,0.7875,81.25,350.775,
2021-09-07 14:48:00,1.0,1020.2,582.575,21.8,51.8625,1.1875,81.125,350.225,
2021-09-07 14:56:00,1.0,1020.2,762.0749999999999,21.7875,53.05,0.9,84.5,358.4875,
2021-09-07 15:04:00,1.0,1020.2,532.0375,22.425,50.5375,0.75,80.375,367.4375,
2021-09-07 15:12:00,1.0,1020.2125000000001,474.0375,22.2875,51.7,1.1625,35.875,368.35,
2021-09-07 15:20:00,1.0,1020.1875,493.5875,21.7625,51.475,1.175,217.0,371.0,
2021-09-07 15:28:00,1.0,1020.1,584.0,22.25,52.6875,0.8125,39.875,370.175,
2021-09-07 15:36:00,1.0,1020.0125,554.0,22.0625,53.2625,1.1625,56.125,369.3875,
2021-09-07 15:44:00,1.0,1020.0,420.38750000000005,21.9875,52.6125,0.9875,116.625,362.175,
2021-09-07 15:52:00,1.0,1019.9875,485.2,22.0875,51.525,0.9625,67.875,366.6,
2021-09-07 16:00:00,1.0,1019.9125,621.6125,22.125,51.7,1.1125,59.125,367.65,
2021-09-07 16:08:00,1.0,1019.9,369.825,22.7625,50.1375,0.6125,62.375,368.0125,
2021-09-07 16:16:00,1.0,1019.8249999999999,420.8125,22.475,50.3875,1.0125,46.375,365.5875,
2021-09-07 16:24:00,1.0,1019.8,343.2,22.25,52.1375,0.9375,56.0,361.95,
2021-09-07 16:32:00,1.0,1019.7375,223.7125,21.8375,52.6875,0.95,65.75,372.7375,
2021-09-07 16:40:00,1.0,1019.8,221.8125,21.5625,54.975,1.2375,142.875,385.52500000000003,
2021-09-07 16:48:00,1.0,1019.8,211.525,21.2375,56.4125,1.7625,216.875,386.1875,
2021-09-07 16:56:00,1.0,1019.775,187.8875,21.225,57.15,1.2375,243.0,386.25,
2021-09-07 17:04:00,1.0,1019.7874999999999,184.3375,21.2,57.1125,0.925,260.0,382.575,
2021-09-07 17:12:00,1.0,1019.8,181.3625,21.1625,56.6875,1.2,266.125,382.8375,
2021-09-07 17:20:00,1.0,1019.8,175.95,21.1125,57.225,0.9875,254.25,376.475,
2021-09-07 17:28:00,1.0,1019.725,192.025,21.1875,57.1125,0.8375,239.0,365.35,
2021-09-07 17:36:00,1.0,1019.6750000000001,209.65,21.475,56.9625,0.8,257.375,360.07500000000005,
2021-09-07 17:44:00,1.0,1019.6,203.8125,21.45,57.125,0.725,286.5,351.175,
2021-09-07 17:52:00,1.0,1019.5125,274.3875,21.825,57.1125,0.5125,229.25,345.6625,
2021-09-07 18:00:00,1.0,1019.5,271.3,22.475,55.15,0.6375,168.75,340.8,
2021-09-07 18:08:00,1.0,1019.3625,245.175,22.424999999999997,55.8625,0.5125,129.875,338.7875,
2021-09-07 18:16:00,1.0,1019.3625,223.6375,22.725,55.35,0.475,173.375,338.375,
2021-09-07 18:24:00,1.0,1019.3,201.9875,22.975,53.3875,0.3625,185.75,338.775,
2021-09-07 18:32:00,1.0,1019.2625,162.375,22.75,54.4,0.425,214.0,337.9875,
2021-09-07 18:40:00,1.0,1019.1375,126.4875,22.3375,55.375,0.4875,187.625,337.675,
2021-09-07 18:48:00,1.0,1019.1,165.875,22.1,55.4625,0.6875,202.375,350.0,
2021-09-07 18:56:00,1.0,1019.0125,124.075,22.375,54.2125,0.7875,208.25,346.1,
2021-09-07 19:04:00,1.0,1019.0,91.275,21.7625,55.1125,1.25,205.75,338.95,
2021-09-07 19:12:00,1.0,1019.0,69.7,21.35,57.075,0.775,206.375,337.8125,
2021-09-07 19:20:00,1.0,1018.9875,43.0625,20.975,56.975,1.2625,206.625,336.625,
2021-09-07 19:28:00,1.0,1019.0,31.6875,20.6,58.675,1.3125,183.875,339.9625,
2021-09-07 19:36:00,1.0,1018.9625,24.2375,20.375,59.275,1.0125,198.625,349.825,
2021-09-07 19:44:00,1.0,1019.0,20.625,20.1625,59.9875,1.0625,232.875,363.45,
2021-09-07 19:52:00,1.0,1019.0,13.1875,20.1,60.7875,0.6125,213.5,354.8625,
2021-09-07 20:00:00,1.0,1019.0,4.8,20.0125,60.5375,0.6625,210.75,346.525,
2021-09-07 20:08:00,1.0,1019.0625,-0.0625,19.95,58.9875,1.0125,220.125,337.0375,
2021-09-07 20:16:00,1.0,1019.1,-2.7375,19.825,58.375,0.925,217.875,334.3875,
2021-09-07 20:24:00,1.0,1019.1500000000001,-4.825,19.725,58.975,1.0375,225.0,334.3125,
2021-09-07 20:32:00,1.0,1019.25,-5.0,19.6875,60.2125,0.85,229.625,334.7375,
2021-09-07 20:40:00,1.0,1019.3,-5.0,19.6,61.4125,0.825,210.0,334.9625,
2021-09-07 20:48:00,1.0,1019.3,-5.0,19.587500000000002,62.175,0.4875,192.5,334.975,
2021-09-07 20:56:00,1.0,1019.3125,-5.0,19.425,62.9625,0.225,132.25,334.425,
2021-09-07 21:04:00,1.0,1019.4,-5.0,19.125,64.5125,0.2,125.625,333.2625,
2021-09-07 21:12:00,1.0,1019.4125,-5.0,18.7875,66.325,0.3,70.75,332.5,
2021-09-07 21:20:00,1.0,1019.5,-5.0,18.475,68.05,0.5875,79.25,331.6375,
2021-09-07 21:28:00,1.0,1019.5875,-5.0,18.2625,69.625,0.4375,75.125,332.1,
2021-09-07 21:36:00,1.0,1019.6,-5.0,18.075,70.4625,0.375,60.0,330.7375,
2021-09-07 21:44:00,1.0,1019.6,-5.0,17.9,71.4875,0.45,68.5,330.05,
2021-09-07 21:52:00,1.0,1019.6,-5.0,17.7875,72.25,0.4375,82.125,330.6375,
2021-09-07 22:00:00,1.0,1019.6,-5.0,17.7,72.7625,0.325,78.0,331.925,
2021-09-07 22:08:00,1.0,1019.5125,-5.0,17.6,73.0875,0.4625,92.75,331.725,
2021-09-07 22:16:00,1.0,1019.5,-5.0,17.4625,73.425,0.15,128.25,329.75,
2021-09-07 22:24:00,1.0,1019.5,-5.0,17.3625,73.825,0.35000000000000003,130.375,328.325,
2021-09-07 22:32:00,1.0,1019.5,-5.0,17.225,74.2625,0.275,118.0,328.0625,
2021-09-07 22:40:00,1.0,1019.5,-5.0,17.1125,74.625,0.1375,203.5,328.175,
2021-09-07 22:48:00,1.0,1019.5,-5.0,17.0125,75.1,0.0125,210.375,328.28749999999997,
2021-09-07 22:56:00,1.0,1019.5,-5.0,16.95,75.7125,0.05,200.875,328.025,
2021-09-07 23:04:00,1.0,1019.5,-5.0,16.9,76.1875,0.3125,111.375,327.65,
2021-09-07 23:12:00,1.0,1019.425,-5.0,16.9,76.4875,0.225,124.625,327.4625,
2021-09-07 23:20:00,1.0,1019.425,-5.0,16.8,76.8,0.21250000000000002,122.375,327.5125,
2021-09-07 23:28:00,1.0,1019.4875,-5.0,16.725,77.225,0.3375,126.5,327.2,
2021-09-07 23:36:00,1.0,1019.5,-5.0,16.6625,77.7375,0.25,85.0,326.775,
2021-09-07 23:44:00,1.0,1019.5,-5.0,16.525,78.3125,0.175,113.25,326.6,
2021-09-07 23:52:00,1.0,1019.5,-5.0,16.4,78.9625,0.1375,91.25,326.4125,
2021-09-08 00:00:00,1.0,1019.5,-5.0,16.3,79.625,0.3875,96.5,326.0875,
2021-09-08 00:08:00,1.0,1019.4625,-5.0,16.2625,80.2125,0.275,116.5,326.1875,
2021-09-08 00:16:00,1.0,1019.45,-5.0,16.1125,80.5,0.2875,194.25,326.125,
2021-09-08 00:24:00,1.0,1019.4,-5.0,16.0625,81.2625,0.375,71.0,325.8375,
2021-09-08 00:32:00,1.0,1019.3,-5.0,15.95,81.5875,0.037500000000000006,174.25,325.8875,
2021-09-08 00:40:00,1.0,1019.2375,-5.0,15.8625,82.15,0.1,110.625,325.7625,
2021-09-08 00:48:00,1.0,1019.1875,-5.0,15.8,82.7,0.3875,116.375,325.4375,
2021-09-08 00:56:00,1.0,1019.1375,-5.0,15.7375,83.0625,0.2875,120.625,325.6875,
2021-09-08 01:04:00,1.0,1019.1,-5.0,15.625,83.6,0.225,113.375,327.9125,
2021-09-08 01:12:00,1.0,1019.0875,-5.0,15.625,84.1625,0.4625,174.25,330.1,
2021-09-08 01:20:00,1.0,1019.0,-5.0,15.8,84.525,1.2625,182.625,326.7375,
2021-09-08 01:28:00,1.0,1019.0125,-5.0,15.9,84.2375,1.1125,201.25,325.225,
2021-09-08 01:36:00,1.0,1019.025,-5.0,15.925,84.3625,1.4375,184.625,325.125,
2021-09-08 01:44:00,1.0,1019.0,-5.0,16.0,84.2875,1.725,168.375,326.1375,
2021-09-08 01:52:00,1.0,1018.95,-5.0,15.9875,84.0375,1.0375,192.0,326.725,
2021-09-08 02:00:00,1.0,1019.0,-5.0,15.9,84.1,0.7125,228.25,326.7125,
2021-09-08 02:08:00,1.0,1019.0,-5.0,15.9,84.125,0.6875,212.625,330.975,
2021-09-08 02:16:00,1.0,1019.0,-5.0,15.8375,83.8875,0.9875,231.875,339.2,
2021-09-08 02:24:00,1.0,1018.975,-5.0,15.725,84.1875,1.35,206.375,351.3625,
2021-09-08 02:32:00,1.0,1018.9,-4.9375,15.7,84.4375,1.3125,186.25,361.875,
2021-09-08 02:40:00,1.0,1018.8,-4.875,15.7,84.575,1.025,161.875,365.75,
2021-09-08 02:48:00,1.0,1018.8,-4.75,15.7,84.6375,0.9375,172.375,373.025,
2021-09-08 02:56:00,1.0,1018.8,-4.775,15.6375,84.85,0.5375,208.0,370.5375,
2021-09-08 03:04:00,1.0,1018.7125000000001,-4.9625,15.625,85.0125,0.725,207.75,363.8875,
2021-09-08 03:12:00,1.0,1018.7,-4.775,15.7,85.1,0.9125,200.125,367.8375,
2021-09-08 03:20:00,1.0,1018.6125000000001,-4.625,15.8,84.95,1.225,175.0,372.6,
2021-09-08 03:28:00,1.0,1018.5375,-4.6125,15.8,84.9875,0.8125,163.375,375.7,
2021-09-08 03:36:00,1.0,1018.5,-4.7125,15.7,85.025,0.85,165.875,372.7625,
2021-09-08 03:44:00,1.0,1018.425,-4.8875,15.7,85.3125,0.45,156.875,366.225,
2021-09-08 03:52:00,1.0,1018.4,-5.0,15.7,85.2625,0.675,179.625,356.0125,
2021-09-08 04:00:00,1.0,1018.3,-5.0,15.725,85.3,0.4375,173.25,343.1875,
2021-09-08 04:08:00,1.0,1018.3,-5.0,15.712499999999999,85.0625,0.8125,191.25,326.175,
2021-09-08 04:16:00,1.0,1018.275,-5.0,15.612499999999999,84.9,1.075,204.625,323.05,
2021-09-08 04:24:00,1.0,1018.2,-5.0,15.6,84.75,0.9750000000000001,196.375,322.625,
2021-09-08 04:32:00,1.0,1018.2,-5.0,15.6,84.4375,1.35,193.875,322.7125,
2021-09-08 04:40:00,1.0,1018.2,-5.0,15.5625,84.1,1.4,196.75,323.025,
2021-09-08 04:48:00,1.0,1018.2,-5.0,15.525,83.7875,1.5875,207.25,323.4625,
2021-09-08 04:56:00,1.0,1018.2,-5.0,15.6,83.325,1.9875,217.0,323.6,
2021-09-08 05:04:00,1.0,1018.2,-5.0,15.6,82.725,1.9125,211.25,324.0125,
2021-09-08 05:12:00,1.0,1018.2,-5.0,15.5625,82.3375,1.4125,199.25,327.7,
2021-09-08 05:20:00,1.0,1018.2,-5.0,15.5,82.0375,1.0625,186.5,338.825,
2021-09-08 05:28:00,1.0,1018.2,-5.0,15.5,81.9,0.9750000000000001,183.25,353.775,
2021-09-08 05:36:00,1.0,1018.2,-4.9,15.5,81.65,1.375,178.625,363.9375,
2021-09-08 05:44:00,1.0,1018.1750000000001,-4.6375,15.5,81.375,1.5375,175.25,369.1625,
2021-09-08 05:52:00,1.0,1018.1,-4.6625,15.475,81.0625,1.675,174.625,371.25,
2021-09-08 06:00:00,1.0,1018.1,-4.6,15.4,80.825,1.5999999999999999,196.75,373.575,
2021-09-08 06:08:00,1.0,1018.0125,-4.525,15.4,80.5625,1.6625,193.5,376.45,
2021-09-08 06:16:00,1.0,1018.0,-4.425000000000001,15.4375,80.25,1.8,180.625,377.1125,
2021-09-08 06:24:00,1.0,1017.975,-4.4,15.5,79.825,1.275,184.125,377.7,
2021-09-08 06:32:00,1.0,1017.9,-4.275,15.5625,79.6125,0.6749999999999999,180.125,378.325,
2021-09-08 06:40:00,1.0,1017.875,-4.025,15.6,79.2,0.7,196.625,378.125,
2021-09-08 06:48:00,1.0,1017.8,-3.2875,15.674999999999999,78.675,1.225,186.625,377.55,
2021-09-08 06:56:00,1.0,1017.8,-2.3375,15.7,78.075,1.075,197.125,377.0625,
2021-09-08 07:04:00,1.0,1017.8,-0.6125,15.7,77.575,1.5125,209.5,376.75,
2021-09-08 07:12:00,1.0,1017.7125000000001,2.5999999999999996,15.6625,77.2625,1.8125,207.25,375.85,
2021-09-08 07:20:00,1.0,1017.7,6.762499999999999,15.7,77.05,2.325,183.625,375.9625,
2021-09-08 07:28:00,1.0,1017.7,11.0375,15.7,76.925,1.575,199.5,376.5625,
2021-09-08 07:36:00,1.0,1017.7,15.0625,15.7,76.7,2.1875,213.625,377.65,
2021-09-08 07:44:00,1.0,1017.7,19.2125,15.8375,76.2125,2.0625,202.875,378.65,
2021-09-08 07:52:00,1.0,1017.7,21.5625,15.9375,75.45,2.2,187.125,379.2125,
2021-09-08 08:00:00,1.0,1017.7,23.85,16.0,74.875,2.0875,190.125,379.55,
2021-09-08 08:08:00,1.0,1017.7874999999999,28.825,16.075000000000003,74.5,1.4875,195.625,379.6,
2021-09-08 08:16:00,1.0,1017.8,36.0375,16.1875,74.0,1.0875,205.0,379.4625,
2021-09-08 08:24:00,1.0,1017.8,47.875,16.3,73.7625,1.3875,181.125,378.825,
2021-09-08 08:32:00,1.0,1017.8,63.1125,16.4,73.5,1.45,174.625,377.125,
2021-09-08 08:40:00,1.0,1017.7874999999999,74.6875,16.3625,73.5375,1.9,174.625,377.7875,
2021-09-08 08:48:00,1.0,1017.725,83.8875,16.4,73.9625,1.6125,179.0,376.325,
2021-09-08 08:56:00,1.0,1017.725,95.75,16.525,74.3,0.65,199.75,374.075,
2021-09-08 09:04:00,1.0,1017.6500000000001,108.96249999999999,16.8375,73.725,0.95,173.0,373.025,
2021-09-08 09:12:00,1.0,1017.6,124.3875,16.912499999999998,73.1,1.75,163.75,373.0625,
2021-09-08 09:20:00,1.0,1017.55,138.9875,16.924999999999997,73.075,1.7625,171.75,372.6625,
2021-09-08 09:28:00,1.0,1017.5,158.825,17.1,73.15,1.55,170.125,367.1,
2021-09-08 09:36:00,1.0,1017.5,176.79999999999998,17.325,72.7,1.8625,178.0,364.8375,
2021-09-08 09:44:00,1.0,1017.5,211.1875,17.55,72.475,1.55,177.25,369.3125,
2021-09-08 09:52:00,1.0,1017.5125,208.125,17.9875,72.1875,1.2625,178.625,375.975,
2021-09-08 10:00:00,1.0,1017.5375,190.3,18.2625,70.3,1.9249999999999998,186.25,377.8125,
2021-09-08 10:08:00,1.0,1017.4375,216.1,18.2125,69.21249999999999,2.625,176.125,373.5625,
2021-09-08 10:16:00,1.0,1017.4,237.675,18.3875,68.8625,2.1125,185.0,370.7625,
2021-09-08 10:24:00,1.0,1017.3,266.475,18.6875,68.05,1.45,171.0,368.5875,
2021-09-08 10:32:00,1.0,1017.275,270.3,19.125,66.9,1.425,163.375,365.7,
2021-09-08 10:40:00,1.0,1017.225,357.875,19.3,65.3125,2.65,171.75,363.65,
2021-09-08 10:48:00,1.0,1017.2,323.1375,19.45,65.15,2.25,181.75,360.5625,
2021-09-08 10:56:00,1.0,1017.1,299.65,19.8125,64.8125,1.75,173.25,359.125,
2021-09-08 11:04:00,1.0,1017.1,298.425,19.9625,64.025,1.95,204.0,359.225,
2021-09-08 11:12:00,1.0,1017.1125000000001,287.45,20.0625,64.425,2.1125,203.375,360.8875,
2021-09-08 11:20:00,1.0,1017.1,280.3625,20.4,64.425,1.6125,195.75,360.3125,
2021-09-08 11:28:00,1.0,1017.0375,369.0625,20.6125,64.3125,1.2625,163.375,355.4625,
2021-09-08 11:36:00,1.0,1017.0,601.0125,21.5,62.6625,1.425,203.5,358.9,
2021-09-08 11:44:00,1.0,1016.9375,687.5875,21.5,60.1375,2.65,200.625,365.8125,
2021-09-08 11:52:00,1.0,1016.8125,625.575,21.5,58.875,2.725,201.625,375.5,
2021-09-08 12:00:00,1.0,1016.7625,524.025,21.6375,58.1875,2.5375,193.75,379.2375,
2021-09-08 12:08:00,1.0,1016.6875,523.4,21.6875,58.15,2.0875,181.375,377.5,
2021-09-08 12:16:00,1.0,1016.575,518.0875,22.45,56.8625,1.425,156.375,374.8,
2021-09-08 12:24:00,1.0,1016.4625,729.7,23.0375,54.725,1.7750000000000001,170.25,377.325,
2021-09-08 12:32:00,1.0,1016.3249999999999,805.725,23.2,53.175,2.025,171.25,380.5625,
2021-09-08 12:40:00,1.0,1016.1625,589.3875,23.8375,51.7625,0.9625,168.75,381.175,
2021-09-08 12:48:00,1.0,1016.05,544.35,24.0,50.25,1.4875,162.0,381.1,
2021-09-08 12:56:00,1.0,1016.0,655.525,23.925,50.5,1.45,156.5,378.7875,
2021-09-08 13:04:00,1.0,1015.8874999999999,663.4375,24.2,49.825,1.4875,140.75,374.775,
2021-09-08 13:12:00,1.0,1015.8,517.7375,24.3875,49.475,1.075,163.25,373.1625,
2021-09-08 13:20:00,1.0,1015.8,437.4,24.2375,49.825,1.2125,143.375,370.9125,
2021-09-08 13:28:00,1.0,1015.7874999999999,467.5375,23.9125,50.3875,1.5875,184.75,367.375,
2021-09-08 13:36:00,1.0,1015.7,598.4875,23.85,51.25,1.025,167.75,363.225,
2021-09-08 13:44:00,1.0,1015.6375,718.875,24.724999999999998,49.2375,1.0375,177.625,359.6375,
2021-09-08 13:52:00,1.0,1015.6,699.975,25.4,47.5,0.7125,157.375,359.91249999999997,
2021-09-08 14:00:00,1.0,1015.525,679.4,25.8125,45.650000000000006,1.1375,150.25,358.725,
2021-09-08 14:08:00,1.0,1015.5,654.4,26.125,44.575,1.3125,149.5,354.9375,
2021-09-08 14:16:00,1.0,1015.475,638.6125,25.8625,45.025,0.925,151.875,351.8625,
2021-09-08 14:24:00,1.0,1015.375,629.4875000000001,26.025,44.4,1.075,165.375,351.45,
2021-09-08 14:32:00,1.0,1015.3499999999999,619.325,25.55,45.2375,0.8,125.5,350.1875,
2021-09-08 14:40:00,1.0,1015.3,614.125,25.7875,45.275,0.5625,136.625,349.9375,
2021-09-08 14:48:00,1.0,1015.225,605.125,26.05,44.3125,0.6375,116.0,350.675,
2021-09-08 14:56:00,1.0,1015.1375,597.7875,26.075,44.9375,0.4625,131.5,350.9125,
2021-09-08 15:04:00,1.0,1015.075,588.05,25.9625,45.137499999999996,1.05,94.0,351.7375,
2021-09-08 15:12:00,1.0,1014.975,576.775,25.6875,46.525,0.875,139.375,351.4,
2021-09-08 15:20:00,1.0,1014.975,567.7,26.2375,45.6,0.6875,139.5,350.725,
2021-09-08 15:28:00,1.0,1014.9,558.9375,26.275,44.8125,0.9875,138.625,351.225,
2021-09-08 15:36:00,1.0,1014.8125,547.5375,25.275,47.85,1.2875,65.875,349.8625,
2021-09-08 15:44:00,1.0,1014.775,531.625,24.6875,50.825,0.9125,54.375,349.2125,
2021-09-08 15:52:00,1.0,1014.7,521.7375,24.775,51.2375,1.15,46.25,348.425,
2021-09-08 16:00:00,1.0,1014.6125000000001,509.325,24.325,52.2125,2.1625,22.375,347.8625,
2021-09-08 16:08:00,1.0,1014.6,500.525,23.2375,55.425,1.975,60.625,345.9875,
2021-09-08 16:16:00,1.0,1014.4875,488.025,23.325,55.925,1.6875,21.375,345.7125,
2021-09-08 16:24:00,1.0,1014.375,471.4125,23.775,54.85,1.2625,63.625,346.2375,
2021-09-08 16:32:00,1.0,1014.3,453.5375,24.025,54.1875,1.25,72.375,346.9125,
2021-09-08 16:40:00,1.0,1014.2,435.5625,24.7,51.862500000000004,0.675,63.5,346.95,
2021-09-08 16:48:00,1.0,1014.075,418.95,25.1,50.5125,0.625,65.0,346.7875,
2021-09-08 16:56:00,1.0,1013.9625,404.45,25.2,50.3875,0.7375,63.875,346.9375,
2021-09-08 17:04:00,1.0,1013.8874999999999,386.2125,25.1875,49.45,0.8625,73.125,347.3125,
2021-09-08 17:12:00,1.0,1013.875,368.7,24.924999999999997,49.7125,0.9625,76.625,347.275,
2021-09-08 17:20:00,1.0,1013.8,349.8,24.9375,49.725,0.95,80.125,346.65,
2021-09-08 17:28:00,1.0,1013.725,328.9875,24.95,49.775,0.9125,67.75,346.3,
2021-09-08 17:36:00,1.0,1013.6875,308.65,24.975,48.7625,0.7625,98.5,345.65,
2021-09-08 17:44:00,1.0,1013.6,290.825,24.9625,49.1375,0.975,55.875,344.9875,
2021-09-08 17:52:00,1.0,1013.5125,272.8125,24.75,49.7875,0.9375,67.875,344.0125,
2021-09-08 18:00:00,1.0,1013.4875,253.8,24.6125,50.55,0.8500000000000001,55.125,343.4,
2021-09-08 18:08:00,1.0,1013.4,235.0375,24.35,52.55,1.3625,65.75,342.9375,
2021-09-08 18:16:00,1.0,1013.4,213.7,24.2375,54.4375,0.575,219.375,342.5,
2021-09-08 18:24:00,1.0,1013.3249999999999,193.3375,24.4875,53.5625,1.3,62.875,342.2625,
2021-09-08 18:32:00,1.0,1013.2874999999999,175.05,23.2375,57.9125,2.2375,52.625,340.6125,
2021-09-08 18:40:00,1.0,1013.2,156.275,22.5625,62.1625,1.6875,15.5,338.9625,
2021-09-08 18:48:00,1.0,1013.1,136.55,22.3,63.7375,1.7,47.75,338.075,
2021-09-08 18:56:00,1.0,1013.1,116.6875,21.975,65.275,1.85,266.375,337.275,
2021-09-08 19:04:00,1.0,1013.0125,97.25,21.650000000000002,66.725,1.7125,218.625,336.6625,
2021-09-08 19:12:00,1.0,1013.0,75.5125,21.5125,67.1625,1.9875,263.625,336.7,
2021-09-08 19:20:00,1.0,1013.0,25.875,21.3125,67.025,1.7375,10.25,336.6875,
2021-09-08 19:28:00,1.0,1013.0,20.8,21.2,67.1875,1.2375,30.75,336.225,
2021-09-08 19:36:00,1.0,1012.975,15.3625,21.1625,66.9875,1.0625,22.875,335.9375,
2021-09-08 19:44:00,1.0,1012.9625,10.6875,21.1625,66.7125,1.1125,35.5,335.91249999999997,
2021-09-08 19:52:00,1.0,1012.95,6.0125,21.2,66.2625,1.15,51.5,335.825,
2021-09-08 20:00:00,1.0,1012.95,1.3875,21.1875,65.825,0.9875,34.75,334.85,
2021-09-08 20:08:00,1.0,1013.05,-2.3625,21.05,66.35,1.1,34.5,334.15,
2021-09-08 20:16:00,1.0,1013.1,-4.65,21.0,66.58749999999999,0.9,51.25,333.8875,
2021-09-08 20:24:00,1.0,1013.1,-5.0,21.0,66.375,0.925,60.125,333.4375,
2021-09-08 20:32:00,1.0,1013.1,-5.0,21.0,66.175,0.9500000000000001,75.375,332.675,
2021-09-08 20:40:00,1.0,1013.1,-5.0,20.85,66.5625,0.8125,75.75,331.775,
2021-09-08 20:48:00,1.0,1013.1750000000001,-5.0,20.65,67.3,0.6875,74.75,330.9,
2021-09-08 20:56:00,1.0,1013.2,-5.0,20.45,68.025,0.5875,76.75,329.975,
2021-09-08 21:04:00,1.0,1013.2,-5.0,20.275,68.4875,0.875,67.875,328.9125,
2021-09-08 21:12:00,1.0,1013.2,-5.0,20.0375,68.975,0.975,72.0,328.475,
2021-09-08 21:20:00,1.0,1013.1625,-5.0,19.8125,69.45,0.65,93.625,328.4875,
2021-09-08 21:28:00,1.0,1013.1625,-5.0,19.65,69.5625,0.6875,95.75,328.0375,
2021-09-08 21:36:00,1.0,1013.1875,-5.0,19.5,69.7125,0.3625,116.75,327.75,
2021-09-08 21:44:00,1.0,1013.2,-5.0,19.3625,69.9375,0.425,89.75,327.1875,
2021-09-08 21:52:00,1.0,1013.2,-5.0,19.225,70.1625,0.1875,186.75,326.6625,
2021-09-08 22:00:00,1.0,1013.1375,-5.0,18.9875,70.375,0.2875,161.0,325.8125,
2021-09-08 22:08:00,1.0,1013.1625,-5.0,18.875,70.9,0.125,100.875,325.5625,
2021-09-08 22:16:00,1.0,1013.2,-5.0,18.8,71.175,0.3375,162.5,324.725,
2021-09-08 22:24:00,1.0,1013.1750000000001,-5.0,18.8,71.225,0.5875,138.375,323.775,
2021-09-08 22:32:00,1.0,1013.125,-5.0,18.65,71.2625,0.7,133.0,323.34999999999997,
2021-09-08 22:40:00,1.0,1013.1,-5.0,18.5125,71.5625,0.625,134.375,323.1875,
2021-09-08 22:48:00,1.0,1013.2,-5.0,18.4,71.8125,0.8125,130.5,322.9375,
2021-09-08 22:56:00,1.0,1013.125,-5.0,18.4,71.9,1.225,126.0,322.6875,
2021-09-08 23:04:00,1.0,1013.0,-5.0,18.4375,71.7625,1.6625,127.125,322.6,
2021-09-08 23:12:00,1.0,1012.925,-5.0,18.5,71.4625,1.8,129.0,322.375,
2021-09-08 23:20:00,1.0,1012.9375,-5.0,18.575000000000003,71.225,1.825,124.875,322.125,
2021-09-08 23:28:00,1.0,1012.9375,-5.0,18.6,71.0,1.6500000000000001,130.375,322.075,
2021-09-08 23:36:00,1.0,1012.9625,-5.0,18.5,70.8625,1.7375,126.5,321.7125,
2021-09-08 23:44:00,1.0,1012.95,-5.0,18.4375,70.8,1.9000000000000001,126.5,321.0,
2021-09-08 23:52:00,1.0,1012.9,-5.0,18.275,70.91250000000001,1.775,130.375,319.9,
2021-09-09 00:00:00,1.0,1012.8125,-5.0,18.087500000000002,71.2875,1.475,126.25,319.0375,
2021-09-09 00:08:00,1.0,1012.8,-5.0,17.912499999999998,71.7375,1.4,125.25,318.7,
2021-09-09 00:16:00,1.0,1012.8,-5.0,17.7625,72.1,1.25,120.0,318.1875,
2021-09-09 00:24:00,1.0,1012.7625,-5.0,17.575,72.4625,1.2125000000000001,127.375,317.5875,
2021-09-09 00:32:00,1.0,1012.7,-5.0,17.412499999999998,72.875,1.1625,123.125,317.125,
2021-09-09 00:40:00,1.0,1012.625,-5.0,17.3,73.325,0.7625,115.875,316.7875,
2021-09-09 00:48:00,1.0,1012.6,-5.0,17.225,73.64999999999999,0.5875,105.875,316.3875,
2021-09-09 00:56:00,1.0,1012.6,-5.0,17.1375,73.975,0.3125,144.0,316.0625,
2021-09-09 01:04:00,1.0,1012.6,-5.0,17.1,74.2875,0.4,127.625,315.575,
2021-09-09 01:12:00,1.0,1012.55,-5.0,17.0375,74.5375,0.25,122.375,315.475,
2021-09-09 01:20:00,1.0,1012.5375,-5.0,17.0,74.7625,0.475,109.875,314.775,
2021-09-09 01:28:00,1.0,1012.5,-5.0,17.0,75.0,0.65,111.125,313.525,
2021-09-09 01:36:00,1.0,1012.5,-5.0,16.8875,75.275,0.5125,109.125,312.6875,
2021-09-09 01:44:00,1.0,1012.5,-5.0,16.8,75.825,0.3125,108.0,312.1,
2021-09-09 01:52:00,1.0,1012.4,-5.0,16.7375,76.45,0.675,73.0,310.925,
2021-09-09 02:00:00,1.0,1012.3,-5.0,16.7,76.925,0.7125,73.625,310.4,
2021-09-09 02:08:00,1.0,1012.2375,-5.0,16.575000000000003,77.3625,0.7875,76.5,309.95,
2021-09-09 02:16:00,1.0,1012.1875,-5.0,16.3,77.8875,0.9500000000000001,71.875,308.9125,
2021-09-09 02:24:00,1.0,1012.1,-5.0,16.1125,78.95,1.1,72.0,308.5125,
2021-09-09 02:32:00,1.0,1012.025,-5.0,16.1,79.7125,0.8250000000000001,71.5,307.95,
2021-09-09 02:40:00,1.0,1012.0,-5.0,16.05,79.9375,0.825,56.875,307.0,
2021-09-09 02:48:00,1.0,1011.9625,-5.0,15.925,80.55,0.7125,63.75,307.125,
2021-09-09 02:56:00,1.0,1011.9,-5.0,15.887500000000001,80.9375,0.6625,59.125,308.45,
2021-09-09 03:04:00,1.0,1011.8125,-5.0,15.8,81.225,0.725,63.0,309.15,
2021-09-09 03:12:00,1.0,1011.8,-5.0,15.725,81.575,0.6,61.75,309.6,
2021-09-09 03:20:00,1.0,1011.8,-5.0,15.6,81.775,0.8375,49.625,309.6875,
2021-09-09 03:28:00,1.0,1011.8,-5.0,15.35,82.1125,1.0125,34.0,310.0625,
2021-09-09 03:36:00,1.0,1011.8,-5.0,15.2,82.9125,0.9875,51.5,310.725,
2021-09-09 03:44:00,1.0,1011.7,-5.0,15.2625,83.4,1.2625,78.375,310.8125,
2021-09-09 03:52:00,1.0,1011.7,-5.0,15.3,83.5125,0.775,80.375,311.0125,
2021-09-09 04:00:00,1.0,1011.6875,-5.0,15.350000000000001,83.7875,0.675,74.75,311.3375,
2021-09-09 04:08:00,1.0,1011.6,-5.0,15.4,83.675,0.825,67.625,311.4625,
2021-09-09 04:16:00,1.0,1011.6,-5.0,15.4,83.8,0.8375,80.625,311.775,
2021-09-09 04:24:00,1.0,1011.55,-5.0,15.4,83.6875,0.4375,106.375,312.2375,
2021-09-09 04:32:00,1.0,1011.5,-5.0,15.350000000000001,83.5625,0.36250000000000004,120.625,311.85,
2021-09-09 04:40:00,1.0,1011.45,-5.0,15.2,83.95,0.2625,83.0,312.5,
2021-09-09 04:48:00,1.0,1011.375,-5.0,15.3125,84.3375,0.4875,70.5,312.8625,
2021-09-09 04:56:00,1.0,1011.3,-5.0,15.4,84.25,0.525,68.875,312.7875,
2021-09-09 05:04:00,1.0,1011.3,-5.0,15.3375,84.225,0.25,78.0,312.85,
2021-09-09 05:12:00,1.0,1011.2,-5.0,15.2375,84.3375,0.22499999999999998,81.875,312.0875,
2021-09-09 05:20:00,1.0,1011.1875,-5.0,15.025,84.575,0.25,92.375,311.7875,
2021-09-09 05:28:00,1.0,1011.0375,-5.0,14.9375,85.175,0.525,63.75,311.6625,
2021-09-09 05:36:00,1.0,1010.975,-5.0,14.9,85.575,0.6124999999999999,49.5,312.0375,
2021-09-09 05:44:00,1.0,1010.9,-5.0,14.9,86.025,0.6875,58.875,312.975,
2021-09-09 05:52:00,1.0,1010.8499999999999,-5.0,15.0125,86.2375,0.7875,75.5,312.95,
2021-09-09 06:00:00,1.0,1010.7625,-5.0,15.1625,86.1,0.5125,74.625,313.2625,
2021-09-09 06:08:00,1.0,1010.7,-5.0,15.174999999999999,85.8625,0.35,78.375,313.375,
2021-09-09 06:16:00,1.0,1010.6125000000001,-5.0,15.0625,85.975,0.375,80.0,313.325,
2021-09-09 06:24:00,1.0,1010.5625,-5.0,14.925,86.1875,0.4375,74.0,313.6,
2021-09-09 06:32:00,1.0,1010.5,-5.0,14.9,86.325,0.3375,67.75,313.625,
2021-09-09 06:40:00,1.0,1010.4,-5.0,14.8125,86.4625,0.375,71.125,313.45,
2021-09-09 06:48:00,1.0,1010.3874999999999,-4.4,14.8,86.85000000000001,0.3875,67.625,313.5875,
2021-09-09 06:56:00,1.0,1010.3,-2.25,14.787500000000001,86.8875,0.275,124.875,313.975,
2021-09-09 07:04:00,1.0,1010.225,1.825,14.6625,86.9375,0.2375,110.625,313.85,
2021-09-09 07:12:00,1.0,1010.2,8.7375,14.649999999999999,87.35,0.1125,138.5,313.3375,
2021-09-09 07:20:00,1.0,1010.1625,17.725,14.825,87.775,0.3375,83.0,313.1375,
2021-09-09 07:28:00,1.0,1010.1,27.35,15.15,87.375,0.6,64.875,313.3125,
2021-09-09 07:36:00,1.0,1010.025,39.0875,15.4,86.775,0.8625,70.75,312.9625,
2021-09-09 07:44:00,1.0,1009.9,52.425,15.5125,86.2625,0.75,78.5,313.075,
2021-09-09 07:52:00,1.0,1009.7874999999999,67.5875,15.8125,85.8875,0.5125,97.75,314.1875,
2021-09-09 08:00:00,1.0,1009.7,82.925,16.325,85.025,0.7125,90.0,314.6875,
2021-09-09 08:08:00,1.0,1009.6125000000001,98.9,16.575,83.2125,0.8500000000000001,81.375,315.2375,
2021-09-09 08:16:00,1.0,1009.5875,114.0125,16.775,81.45,1.05,88.625,315.6,
2021-09-09 08:24:00,1.0,1009.5,132.9625,16.8625,79.9,1.0125,85.25,315.7125,
2021-09-09 08:32:00,1.0,1009.4375,152.6375,17.15,78.41250000000001,0.875,78.75,316.4,
2021-09-09 08:40:00,1.0,1009.4125,172.375,17.4,76.6125,0.7125,97.375,316.7125,
2021-09-09 08:48:00,1.0,1009.3625,192.1125,17.775,75.1125,0.9375,99.375,317.7,
2021-09-09 08:56:00,1.0,1009.3,207.025,18.0625,73.2,0.9500000000000001,103.625,318.3,
2021-09-09 09:04:00,1.0,1009.3,229.95,18.375,72.0,0.8,97.0,318.775,
2021-09-09 09:12:00,1.0,1009.3375,247.1375,18.6625,70.5,1.0625,94.5,319.6625,
2021-09-09 09:20:00,1.0,1009.3,265.0375,18.9,69.75,0.8250000000000001,86.375,320.3625,
2021-09-09 09:28:00,1.0,1009.25,285.65,19.2625,69.15,0.7375,88.0,321.6,
2021-09-09 09:36:00,1.0,1009.2,304.05,19.7125,68.2375,0.75,74.0,322.5875,
2021-09-09 09:44:00,1.0,1009.1750000000001,324.4375,19.975,67.1125,0.8500000000000001,67.125,322.9125,
2021-09-09 09:52:00,1.0,1009.1,342.1625,19.924999999999997,66.65,1.2,52.875,322.83750000000003,
2021-09-09 10:00:00,1.0,1009.1,362.1125,19.9375,67.4625,0.95,67.5,322.975,
2021-09-09 10:08:00,1.0,1009.05,380.9625,20.25,67.225,0.9125,67.625,323.7375,
2021-09-09 10:16:00,1.0,1009.0875,397.45,20.7,66.7125,0.8125,64.5,324.3375,
2021-09-09 10:24:00,1.0,1009.0,412.8375,21.025,65.3,0.9375,67.625,324.77500000000003,
2021-09-09 10:32:00,1.0,1009.0,434.4375,21.05,64.2625,1.3375,67.625,325.975,
2021-09-09 10:40:00,1.0,1009.0,452.925,20.924999999999997,64.3,1.5,69.25,326.8,
2021-09-09 10:48:00,1.0,1009.0,285.0875,20.95,64.5875,1.4375,73.625,327.6875,
2021-09-09 10:56:00,1.0,1008.9875,399.075,21.375,64.1375,1.3375,69.25,328.2125,
2021-09-09 11:04:00,1.0,1008.9,252.35,21.75,62.8875,1.4875,68.375,326.1,
2021-09-09 11:12:00,1.0,1008.8125,77.1125,21.8625,61.875,1.825,73.75,328.8375,
2021-09-09 11:20:00,1.0,1008.8249999999999,92.675,22.1,60.5625,1.5125,78.875,329.4125,
2021-09-09 11:28:00,1.0,1008.8,476.9875,22.35,58.9125,1.3125,80.75,330.5625,
2021-09-09 11:36:00,1.0,1008.6750000000001,560.975,22.775,56.925,1.7375,76.875,331.8625,
2021-09-09 11:44:00,1.0,1008.6,574.0375,22.95,55.1625,1.9375,77.875,332.3875,
2021-09-09 11:52:00,1.0,1008.5125,559.0625,23.15,53.7875,1.85,85.75,332.9375,
2021-09-09 12:00:00,1.0,1008.4375,597.35,23.425,52.175,1.75,105.5,333.625,
2021-09-09 12:08:00,1.0,1008.4,609.1625,24.3,47.7875,1.5375,162.0,333.975,
2021-09-09 12:16:00,1.0,1008.3125,610.9125,24.6375,44.75,2.0875,143.625,335.0375,
2021-09-09 12:24:00,1.0,1008.3,616.5,24.575,43.5125,3.3125,130.125,335.5875,
2021-09-09 12:32:00,1.0,1008.2125000000001,633.6625,24.675,43.5875,2.2,116.125,334.8625,
2021-09-09 12:40:00,1.0,1008.2,646.2125,24.9875,43.05,1.875,122.625,336.7875,
2021-09-09 12:48:00,1.0,1008.125,641.6,25.1875,42.65,1.6375,132.75,337.3125,
2021-09-09 12:56:00,1.0,1008.1,645.375,25.5625,42.6375,1.5125,144.5,338.0125,
2021-09-09 13:04:00,1.0,1008.0625,645.1,25.6,39.7625,2.5875,138.0,339.1625,
2021-09-09 13:12:00,1.0,1007.975,644.4875,25.4875,39.8125,2.9625,130.5,339.225,
2021-09-09 13:20:00,1.0,1007.925,636.65,25.2625,40.425,2.6,128.375,338.9125,
2021-09-09 13:28:00,1.0,1007.9,620.325,25.5625,40.0625,1.9125,132.625,338.3125,
2021-09-09 13:36:00,1.0,1007.9,645.025,25.9,39.5375,1.9625,140.375,339.7,
2021-09-09 13:44:00,1.0,1007.8874999999999,637.075,26.075,38.9375,1.7875,155.625,339.55,
2021-09-09 13:52:00,1.0,1007.7625,644.8875,26.2125,35.35,2.6625,134.25,339.225,
2021-09-09 14:00:00,1.0,1007.7,648.8,26.2625,35.4375,2.275,141.75,339.075,
2021-09-09 14:08:00,1.0,1007.6875,646.7625,26.425,35.175,1.6625,148.5,338.9875,
2021-09-09 14:16:00,1.0,1007.6,641.55,26.625,35.875,2.075,139.125,339.4375,
2021-09-09 14:24:00,1.0,1007.6,637.4,26.55,36.6375,1.7375,150.25,339.85,
2021-09-09 14:32:00,1.0,1007.5,631.8625,26.6,36.175,1.8375,140.75,339.4125,
2021-09-09 14:40:00,1.0,1007.5,623.6375,26.587500000000002,37.2875,1.35,139.125,340.575,
2021-09-09 14:48:00,1.0,1007.4125,609.5,26.75,37.05,1.5999999999999999,148.125,341.95,
2021-09-09 14:56:00,1.0,1007.3375,605.725,26.8125,37.5375,1.4,139.5,342.0375,
2021-09-09 15:04:00,1.0,1007.3,596.575,26.6625,38.1125,1.7625,151.125,342.8875,
2021-09-09 15:12:00,1.0,1007.3,582.9875,26.6875,38.1625,1.625,140.125,343.6875,
2021-09-09 15:20:00,1.0,1007.2125000000001,568.65,26.8,38.125,1.4125,118.75,343.9125,
2021-09-09 15:28:00,1.0,1007.1500000000001,553.6375,26.5625,38.9375,2.1,116.875,344.35,
2021-09-09 15:36:00,1.0,1007.0625,558.8125,26.5875,39.175,1.6,153.5,343.6625,
2021-09-09 15:44:00,1.0,1006.975,538.0625,27.0125,38.4625,1.175,128.875,343.2875,
